{"cameraMode":{"drawMode":0,"name":"Shaded","section":"Shading Mode"},"sceneLighting":true,"audioPlay":false,"sceneViewState":{"showFog":true,"showMaterialUpdate":false,"showSkybox":true,"showFlares":true,"showImageEffects":true,"showParticleSystems":true},"in2DMode":true,"pivot":{"x":28.06139373779297,"y":17.9207820892334,"z":53.72789764404297},"rotation":{"x":-0.06773567944765091,"y":0.6990107893943787,"z":-0.1635284125804901,"w":-0.6928594708442688},"size":49.4865837097168,"orthographic":false}